x,y,mag,prof,ano,catprof,catmag,descripcion
791395.68,689249.5784,4.2,144,2003,intermedio,Ligera Magnitud,Tobas  aglomerados y lavas  ocasionalmente  intercalaciones de capas rojas de arenitas líticas y limolitas.
787841.1741,696776.5522,4.1,3.1,2010,superficial,Ligera Magnitud,Tobas  aglomerados y lavas  ocasionalmente  intercalaciones de capas rojas de arenitas líticas y limolitas.
860227.5581,744934.6229,4,422.7,2007,profundo,Ligera Magnitud,Gneises cuarzofeldespáticos  migmatitas  granulitas  anfibolitas  ortogneises  cuarcitas y mármoles.
856224.3409,747260.8723,4.1,8,1993,superficial,Ligera Magnitud,Gneises cuarzofeldespáticos  migmatitas  granulitas  anfibolitas  ortogneises  cuarcitas y mármoles.
859007.7595,749470.4323,4.2,14.7,1996,superficial,Ligera Magnitud,Gneises cuarzofeldespáticos  migmatitas  granulitas  anfibolitas  ortogneises  cuarcitas y mármoles.
887067.2096,781298.7273,4.6,102,2004,intermedio,Ligera Magnitud,Gneises cuarzofeldespáticos  migmatitas  granulitas  anfibolitas  ortogneises  cuarcitas y mármoles.
896633.7054,783392.5438,4,3.7,2007,superficial,Ligera Magnitud,Gneises cuarzofeldespáticos  migmatitas  granulitas  anfibolitas  ortogneises  cuarcitas y mármoles.
893857.2022,788481.8815,4.7,3.9,2003,superficial,Ligera Magnitud,Gneises cuarzofeldespáticos  migmatitas  granulitas  anfibolitas  ortogneises  cuarcitas y mármoles.
918223.3851,806379.9968,4,14.8,2004,superficial,Ligera Magnitud,Gneises cuarzofeldespáticos  migmatitas  granulitas  anfibolitas  ortogneises  cuarcitas y mármoles.
911775.9395,808927.7842,4,0.1,2006,superficial,Ligera Magnitud,Gneises cuarzofeldespáticos  migmatitas  granulitas  anfibolitas  ortogneises  cuarcitas y mármoles.
891650.4322,809717.4739,4,20,2002,superficial,Ligera Magnitud,Granodioritas que varían de sienogranitos a tonalitas y de cuarzomonzonitas a cuarzomonzodioritas
903223.9608,821651.8497,4.5,0.5,2000,superficial,Ligera Magnitud,Granodioritas que varían de sienogranitos a tonalitas y de cuarzomonzonitas a cuarzomonzodioritas
919579.6578,839665.581,4.3,1.4,1997,superficial,Ligera Magnitud,Filitas y pizarras que alternan con cuarzoarenitas y arenitas lodosas
949937.0756,864418.7254,4.2,18.6,2010,superficial,Ligera Magnitud,Filitas y pizarras que alternan con cuarzoarenitas y arenitas lodosas
936269.0546,866637.5794,4.2,4,2006,superficial,Ligera Magnitud,Cuarzoarenitas  arcillolitas  lodolitas grises y  ocasionalmente  calizas y conglomerados.
937936.9842,868295.3571,5.2,13.2,2016,superficial,Moderada Magnitud,Cuarzoarenitas  arcillolitas  lodolitas grises y  ocasionalmente  calizas y conglomerados.
970056.5468,881551.1209,4.1,9.7,2000,superficial,Ligera Magnitud,Filitas y pizarras que alternan con cuarzoarenitas y arenitas lodosas
985503.6866,900456.8096,4.1,0.1,2004,superficial,Ligera Magnitud,Filitas y pizarras que alternan con cuarzoarenitas y arenitas lodosas
1036689.97,965705.6561,5.2,0.6,1999,superficial,Moderada Magnitud,Filitas  esquistos  cuarcitas  pizarras  metaconglomerados  metalimolitas y mármoles.
1034912.549,968690.6276,4.8,4,1999,superficial,Ligera Magnitud,Filitas  esquistos  cuarcitas  pizarras  metaconglomerados  metalimolitas y mármoles.
1043456.767,975329.581,4,4,2011,superficial,Ligera Magnitud,Cuarzoarenitas  arcillolitas  lodolitas grises y  ocasionalmente  calizas y conglomerados.
1029580.737,978419.8009,5.8,1.15,2008,superficial,Moderada Magnitud,Arcillolitas y limolitas negras con intercalaciones menores de arenitas y calizas. Segmentos de cuarzoarenitas de grano fino a grueso y conglomerados.
1053666.125,979537.7458,4.1,17.8,1997,superficial,Ligera Magnitud,Cuarzoarenitas  arcillolitas  lodolitas grises y  ocasionalmente  calizas y conglomerados.
1078047.223,1018705.944,4.7,0.5,2006,superficial,Ligera Magnitud,Cuarzoarenitas  arcillolitas  lodolitas grises y  ocasionalmente  calizas y conglomerados.
1126166.653,1038789.513,4.9,1.04,1995,superficial,Ligera Magnitud,Abanicos aluviales y depósitos coluviales
1120174.895,1039774.922,4,16.1,2012,superficial,Ligera Magnitud,Shales  calizas  fosforitas  cherts y cuarzoarenitas. Predominio de facies finas al norte del Cocuy y facies más arenosas al sur.
1119506.641,1041432.867,5.3,1,1995,superficial,Moderada Magnitud,Shales  calizas  fosforitas  cherts y cuarzoarenitas. Predominio de facies finas al norte del Cocuy y facies más arenosas al sur.
1105078.956,1046940.673,5.6,1,1995,superficial,Moderada Magnitud,Conglomerados y brechas  arenitas de grano fino a conglomeráticas y calizas estromatolíticas  e intercalaciones de lodolitas negras.
1122934.273,1047964.142,4.8,1.5,2000,superficial,Ligera Magnitud,Shales  calizas  fosforitas  cherts y cuarzoarenitas. Predominio de facies finas al norte del Cocuy y facies más arenosas al sur.
1133904.51,1053624.568,4.6,1,1995,superficial,Ligera Magnitud,Arcillolitas y limolitas negras con intercalaciones menores de arenitas y calizas. Segmentos de cuarzoarenitas de grano fino a grueso y conglomerados.
1112713.28,1058786.374,4.2,4,1996,superficial,Ligera Magnitud,Arcillolitas y limolitas negras con intercalaciones menores de arenitas y calizas. Segmentos de cuarzoarenitas de grano fino a grueso y conglomerados.
1131676.126,1059150.792,5.5,1,1995,superficial,Moderada Magnitud,Arcillolitas y limolitas negras con intercalaciones menores de arenitas y calizas. Segmentos de cuarzoarenitas de grano fino a grueso y conglomerados.
1116699.67,1062332.07,4,3,2015,superficial,Ligera Magnitud,Arcillolitas y limolitas negras con intercalaciones menores de arenitas y calizas. Segmentos de cuarzoarenitas de grano fino a grueso y conglomerados.
1116586.221,1063880.311,4.8,0.1,1998,superficial,Ligera Magnitud,Arcillolitas y limolitas negras con intercalaciones menores de arenitas y calizas. Segmentos de cuarzoarenitas de grano fino a grueso y conglomerados.
1123348.881,1064776.662,4.1,0.4,2003,superficial,Ligera Magnitud,Arcillolitas y limolitas negras con intercalaciones menores de arenitas y calizas. Segmentos de cuarzoarenitas de grano fino a grueso y conglomerados.
1121685.368,1064884.368,4,1.3,2000,superficial,Ligera Magnitud,Arcillolitas y limolitas negras con intercalaciones menores de arenitas y calizas. Segmentos de cuarzoarenitas de grano fino a grueso y conglomerados.
1114143.112,1066088.337,4.2,4,1999,superficial,Ligera Magnitud,Arcillolitas y limolitas negras con intercalaciones menores de arenitas y calizas. Segmentos de cuarzoarenitas de grano fino a grueso y conglomerados.
1041627.85,1071647.736,4,152.8,2007,intermedio,Ligera Magnitud,Arcillolitas rojizas con intercalaciones de cuarzoarenitas de grano fino. Mantos de carbón a la base.
1125552.942,1072412.32,4.4,4.1,2014,superficial,Ligera Magnitud,Arcillolitas y limolitas negras con intercalaciones menores de arenitas y calizas. Segmentos de cuarzoarenitas de grano fino a grueso y conglomerados.
1037635.612,1074078.342,4.1,149.3,2009,intermedio,Ligera Magnitud,Arcillolitas rojizas con intercalaciones de cuarzoarenitas de grano fino. Mantos de carbón a la base.
1040073.713,1075296.155,4.2,152.4,2005,intermedio,Ligera Magnitud,Conglomerados intercalados con arenitas de grano medio a grueso y lodolitas carbonosas
1035972.045,1075515.067,4.1,151,2016,intermedio,Ligera Magnitud,Conglomerados intercalados con arenitas de grano medio a grueso y lodolitas carbonosas
1136744.509,1076083.578,4,1.3,2000,superficial,Ligera Magnitud,Arcillolitas y limolitas negras con intercalaciones menores de arenitas y calizas. Segmentos de cuarzoarenitas de grano fino a grueso y conglomerados.
1034750.884,1079053.175,4.3,146,2012,intermedio,Ligera Magnitud,Arcillas  turbas  y arcillas arenosas con niveles delgados de gravas. Localmente  capas de depósitos de diatomeas.
1163346.881,1079902.549,4,3.4,2000,superficial,Ligera Magnitud,Arcillolitas y limolitas negras con intercalaciones menores de arenitas y calizas. Segmentos de cuarzoarenitas de grano fino a grueso y conglomerados.
1146712.101,1081413.506,4.2,4,2016,superficial,Ligera Magnitud,Arcillolitas y limolitas negras con intercalaciones menores de arenitas y calizas. Segmentos de cuarzoarenitas de grano fino a grueso y conglomerados.
1148250.056,1087943.069,4.3,14.7,2000,superficial,Ligera Magnitud,Arcillolitas y limolitas negras con intercalaciones menores de arenitas y calizas. Segmentos de cuarzoarenitas de grano fino a grueso y conglomerados.
1096587.042,1092273.388,4.1,14.1,2012,superficial,Ligera Magnitud,Shales con yeso y chert intercalados con calizas y arenitas
1036516.199,1094314.943,4.8,151.1,2014,intermedio,Ligera Magnitud,Arcillas  turbas  y arcillas arenosas con niveles delgados de gravas. Localmente  capas de depósitos de diatomeas.
1158971.628,1101462.975,4.7,16.4,1997,superficial,Ligera Magnitud,Arcillolitas y limolitas negras con intercalaciones menores de arenitas y calizas. Segmentos de cuarzoarenitas de grano fino a grueso y conglomerados.
1044489.977,1102392.635,5.1,1,1995,superficial,Moderada Magnitud,Shales  calizas  fosforitas  cherts y cuarzoarenitas. Predominio de facies finas al norte del Cocuy y facies más arenosas al sur.
1006704.605,1102930.898,4.3,121.3,2003,intermedio,Ligera Magnitud,Shales con yeso  cherts  calizas y arenitas.
1160293.401,1104895.389,4.3,19.3,2002,superficial,Ligera Magnitud,Arcillolitas y limolitas negras con intercalaciones menores de arenitas y calizas. Segmentos de cuarzoarenitas de grano fino a grueso y conglomerados.
1039057.921,1106480.905,4.2,146.1,2003,intermedio,Ligera Magnitud,Shales  calizas  fosforitas  cherts y cuarzoarenitas. Predominio de facies finas al norte del Cocuy y facies más arenosas al sur.
1000388.675,1106579.852,4.1,100.4,2016,intermedio,Ligera Magnitud,Shales con yeso  cherts  calizas y arenitas.
1039167.928,1107808.013,4.8,156.4,2000,intermedio,Ligera Magnitud,Shales  calizas  fosforitas  cherts y cuarzoarenitas. Predominio de facies finas al norte del Cocuy y facies más arenosas al sur.
1022325.761,1110122.389,5.7,137.7,1995,intermedio,Moderada Magnitud,Shales  calizas  fosforitas  cherts y cuarzoarenitas. Predominio de facies finas al norte del Cocuy y facies más arenosas al sur.
1022657.72,1111338.944,4.2,135.7,1995,intermedio,Ligera Magnitud,Shales  calizas  fosforitas  cherts y cuarzoarenitas. Predominio de facies finas al norte del Cocuy y facies más arenosas al sur.
1006482.129,1111667.074,4.2,116,1997,intermedio,Ligera Magnitud,Shales con yeso  cherts  calizas y arenitas.
968148.9878,1112780.42,4,97.11,1994,intermedio,Ligera Magnitud,Shales con yeso  cherts  calizas y arenitas.
1150516.396,1115048.951,4.2,1.2,2009,superficial,Ligera Magnitud,Arcillolitas y limolitas negras con intercalaciones menores de arenitas y calizas. Segmentos de cuarzoarenitas de grano fino a grueso y conglomerados.
1056333.526,1117552.405,4.9,170,2000,intermedio,Ligera Magnitud,Depósitos aluviales y de llanuras aluviales
988759.5198,1133784.809,4.3,110,2000,intermedio,Ligera Magnitud,Shales  calizas  arenitas  cherts y fosforitas
1172254.719,1149176.216,4.4,0.9,2001,superficial,Ligera Magnitud,Arcillolitas y limolitas negras con intercalaciones menores de arenitas y calizas. Segmentos de cuarzoarenitas de grano fino a grueso y conglomerados.
1082760.185,1156399.881,4.1,150,1995,intermedio,Ligera Magnitud,Shales con yeso  cherts  calizas y arenitas.
1215321.269,1156504.725,4.1,33,1997,superficial,Ligera Magnitud,Abanicos aluviales disectados
1011237.503,1159661.997,4.5,150,2000,intermedio,Ligera Magnitud,Shales con yeso  cherts  calizas y arenitas.
1046994.369,1161559.292,4.1,128.3,1996,intermedio,Ligera Magnitud,Shales con yeso  cherts  calizas y arenitas.
1001827.455,1161762.123,4.2,2.5,2000,superficial,Ligera Magnitud,Arenitas  limolitas y lodolitas con mantos delgados de carbón.
1040794.751,1161775.942,4,124,2001,intermedio,Ligera Magnitud,Shales con yeso  cherts  calizas y arenitas.
1149513.371,1163496.754,5.4,2.9,1999,superficial,Moderada Magnitud,Shales  calizas  fosforitas  cherts y cuarzoarenitas. Predominio de facies finas al norte del Cocuy y facies más arenosas al sur.
1205877.638,1164659.65,4,1.2,2004,superficial,Ligera Magnitud,Arcillolitas y limolitas negras con intercalaciones menores de arenitas y calizas. Segmentos de cuarzoarenitas de grano fino a grueso y conglomerados.
1090383.185,1167581.168,4.2,4,2003,superficial,Ligera Magnitud,Shales con yeso  cherts  calizas y arenitas.
1014442.529,1182001.309,4.6,4,1998,superficial,Ligera Magnitud,Arenitas líticas con intercalaciones de arcillolitas de color gris verdoso y conglomerados
1017872.986,1182444.611,4,110,1999,intermedio,Ligera Magnitud,Arenitas líticas con intercalaciones de arcillolitas de color gris verdoso y conglomerados
1112050.205,1183987.454,4,199.1,2003,profundo,Ligera Magnitud,Shales con yeso  cherts  calizas y arenitas.
1129205.369,1184133.65,4,6,1994,superficial,Ligera Magnitud,Filitas  esquistos  cuarcitas  pizarras  metaconglomerados  metalimolitas y mármoles.
1019753.553,1184546.39,5.3,0.7,1998,superficial,Moderada Magnitud,Arenitas líticas con intercalaciones de arcillolitas de color gris verdoso y conglomerados
1022740.975,1185542.776,4,47.2,2011,superficial,Ligera Magnitud,Shales  calizas  arenitas  cherts y fosforitas
1099421.608,1190711.171,4,186,2005,profundo,Ligera Magnitud,Shales con yeso  cherts  calizas y arenitas.
1210874.934,1191786.006,4,11.6,1994,superficial,Ligera Magnitud,Shales y cuarzoarenitas de grano fino a grueso
1057808.82,1196736.951,4.1,122.6,2006,intermedio,Ligera Magnitud,Shales con yeso  cherts  calizas y arenitas.
1049399.253,1197834.968,4.2,111.8,1997,intermedio,Ligera Magnitud,Shales con yeso  cherts  calizas y arenitas.
1089006.721,1198989.047,4.4,2.52,2015,superficial,Ligera Magnitud,Shales con yeso  cherts  calizas y arenitas.
1028045.702,1199589.888,4.1,1.3,2000,superficial,Ligera Magnitud,Conglomerados intercalados con arenitas de grano medio a grueso y lodolitas carbonosas
1061787.679,1200611.885,4.2,135,1994,intermedio,Ligera Magnitud,Shales con yeso  cherts  calizas y arenitas.
1126278.554,1206359.828,4.8,188,2007,profundo,Ligera Magnitud,Granodioritas que varían de sienogranitos a tonalitas y de cuarzomonzonitas a cuarzomonzodioritas
1033350.59,1208771.705,4.6,2.56,2000,superficial,Ligera Magnitud,Abanicos aluviales y depósitos coluviales
1090428.961,1209055.851,4.5,160,2000,intermedio,Ligera Magnitud,Shales con yeso  cherts  calizas y arenitas.
1027487.863,1209210.886,4,5,2000,superficial,Ligera Magnitud,Arcillolitas abigarradas y cuarzoarenitas de grano fino a conglomeráticas
1103368.345,1211069.059,4.2,171.6,1996,intermedio,Ligera Magnitud,Shales con yeso  cherts  calizas y arenitas.
1052041.897,1211550.732,5.4,170,1994,intermedio,Moderada Magnitud,Shales con yeso  cherts  calizas y arenitas.
1225846.837,1213089.348,4.3,8.6,2012,superficial,Ligera Magnitud,Cuarzoarenitas de grano fino a grueso  conglomerados y arenitas feldespáticas y líticas  e intercalaciones de lodolitas oscuras.
1057127.953,1213546.374,4.2,137.6,2015,intermedio,Ligera Magnitud,Cuarzoarenitas de grano fino a conglomeráticas con intercalaciones de lodolitas y conglomerados
1078915.584,1215231.917,4.1,130,1995,intermedio,Ligera Magnitud,Capas rojas constituidas por arenitas  conglomerados y limolitas.
1096059.915,1215369.487,4.1,160,1995,intermedio,Ligera Magnitud,Shales con yeso  cherts  calizas y arenitas.
1062655.967,1215653.601,4,112.99,2011,intermedio,Ligera Magnitud,Shales con yeso  cherts  calizas y arenitas.
1066526.452,1216211.072,4,136.2,2014,intermedio,Ligera Magnitud,Capas rojas constituidas por arenitas  conglomerados y limolitas.
1127472.636,1216428.124,4.2,148.3,1996,intermedio,Ligera Magnitud,Granodioritas que varían de sienogranitos a tonalitas y de cuarzomonzonitas a cuarzomonzodioritas
1047060.055,1216744.127,4,110,2007,intermedio,Ligera Magnitud,Shales  calizas  arenitas  cherts y fosforitas
1061991.11,1216758.796,4.3,114.2,2016,intermedio,Ligera Magnitud,Shales con yeso  cherts  calizas y arenitas.
1070285.02,1217764.04,4,132,1998,intermedio,Ligera Magnitud,Capas rojas constituidas por arenitas  conglomerados y limolitas.
1068294.068,1217872.146,4.1,120.5,2007,intermedio,Ligera Magnitud,Capas rojas constituidas por arenitas  conglomerados y limolitas.
1065971.331,1217979.927,4,122,2001,intermedio,Ligera Magnitud,Shales con yeso  cherts  calizas y arenitas.
1104682.711,1218039.545,4.6,177.1,2000,intermedio,Ligera Magnitud,Shales con yeso  cherts  calizas y arenitas.
1076808.525,1219210.458,4.3,150,1998,intermedio,Ligera Magnitud,Capas rojas constituidas por arenitas  conglomerados y limolitas.
1113860.617,1219384.928,4.4,182,2001,profundo,Ligera Magnitud,Shales con yeso  cherts  calizas y arenitas.
1092729.715,1222442.283,5.1,183.6,1996,profundo,Moderada Magnitud,Shales con yeso  cherts  calizas y arenitas.
1117172.32,1222488.868,4,4,1997,superficial,Ligera Magnitud,Cuarzoarenitas de grano fino a conglomeráticas con intercalaciones de lodolitas y conglomerados
1097704.041,1223888.713,4.1,150,2000,intermedio,Ligera Magnitud,Shales con yeso  cherts  calizas y arenitas.
1097150.088,1224440.742,4.1,160,1999,intermedio,Ligera Magnitud,Shales con yeso  cherts  calizas y arenitas.
1221706.322,1224470.411,4.1,8,2008,superficial,Ligera Magnitud,Cuarzoarenitas de grano fino a grueso  conglomerados y arenitas feldespáticas y líticas  e intercalaciones de lodolitas oscuras.
1091508.918,1224984.055,5.1,150,1994,intermedio,Moderada Magnitud,Shales con yeso  cherts  calizas y arenitas.
1098031.479,1226322.549,4.1,164,1993,intermedio,Ligera Magnitud,Shales con yeso  cherts  calizas y arenitas.
1061427.133,1226601.05,4,120,1994,intermedio,Ligera Magnitud,Shales con yeso  cherts  calizas y arenitas.
1091395.56,1226642.876,4.7,145,1994,intermedio,Ligera Magnitud,Shales con yeso  cherts  calizas y arenitas.
1104334.54,1226666.006,4.4,145,1998,intermedio,Ligera Magnitud,Shales con yeso  cherts  calizas y arenitas.
1107873.478,1226672.864,4.2,155,1995,intermedio,Ligera Magnitud,Shales con yeso  cherts  calizas y arenitas.
1109974.738,1226677.045,4.2,150,1994,intermedio,Ligera Magnitud,Shales con yeso  cherts  calizas y arenitas.
1115946.806,1226689.367,4.6,155,1994,intermedio,Ligera Magnitud,Shales con yeso  cherts  calizas y arenitas.
1110416.441,1227009.752,4.6,151.59,1999,intermedio,Ligera Magnitud,Shales con yeso  cherts  calizas y arenitas.
1087523.939,1227300.149,4.3,160,2000,intermedio,Ligera Magnitud,Shales con yeso  cherts  calizas y arenitas.
1105326.454,1228437.578,4.4,174.2,1993,intermedio,Ligera Magnitud,Shales con yeso  cherts  calizas y arenitas.
1090617.779,1228853.595,4.1,160,2000,intermedio,Ligera Magnitud,Shales con yeso  cherts  calizas y arenitas.
1107757.651,1229327.163,4.5,151.8,2000,intermedio,Ligera Magnitud,Shales con yeso  cherts  calizas y arenitas.
1096367.168,1229416.454,4.1,143.6,1999,intermedio,Ligera Magnitud,Abanicos aluviales y depósitos coluviales
1098136.508,1229419.609,4,140,1993,intermedio,Ligera Magnitud,Shales con yeso  cherts  calizas y arenitas.
1093491.625,1229632.651,4.4,150,1994,intermedio,Ligera Magnitud,Shales con yeso  cherts  calizas y arenitas.
1062529.026,1230030.732,4.3,150,1995,intermedio,Ligera Magnitud,Shales con yeso  cherts  calizas y arenitas.
1095922.887,1230521.691,4.7,145,1993,intermedio,Ligera Magnitud,Abanicos aluviales y depósitos coluviales
1091941.795,1230625.425,4.4,152.8,1999,intermedio,Ligera Magnitud,Shales con yeso  cherts  calizas y arenitas.
1125559.017,1230913.79,4.1,150,1994,intermedio,Ligera Magnitud,Granodioritas que varían de sienogranitos a tonalitas y de cuarzomonzonitas a cuarzomonzodioritas
1083647.863,1230943.849,4.1,150,1998,intermedio,Ligera Magnitud,Capas rojas constituidas por arenitas  conglomerados y limolitas.
1099460.692,1230970.449,4,150,1995,intermedio,Ligera Magnitud,Shales con yeso  cherts  calizas y arenitas.
1108085.462,1231318.711,4.4,150,1994,intermedio,Ligera Magnitud,Shales con yeso  cherts  calizas y arenitas.
1093709.364,1231623.852,4,150,1994,intermedio,Ligera Magnitud,Shales con yeso  cherts  calizas y arenitas.
1106868.399,1231648.122,4,150,1994,intermedio,Ligera Magnitud,Cuarzoarenitas de grano fino a conglomeráticas con intercalaciones de lodolitas y conglomerados
1067502.861,1231695.6,4.4,15.9,1998,superficial,Ligera Magnitud,Shales con yeso  cherts  calizas y arenitas.
1117262.532,1232001.369,4.3,150.3,1999,intermedio,Ligera Magnitud,Filitas  esquistos  cuarcitas  pizarras  metaconglomerados  metalimolitas y mármoles.
1105208.389,1232308.513,4.5,166.8,2001,intermedio,Ligera Magnitud,Shales con yeso  cherts  calizas y arenitas.
1113280.824,1232324.746,4,148.45,1999,intermedio,Ligera Magnitud,Shales con yeso  cherts  calizas y arenitas.
1107087.601,1232644,4.9,164.87,1994,intermedio,Ligera Magnitud,Arenitas  limolitas y calizas intercaladas con tobas  brechas  aglomerados y lavas riolíticas a andesíticas.
1088952.346,1232943.066,4.1,143,1999,intermedio,Ligera Magnitud,Shales con yeso  cherts  calizas y arenitas.
1109850.992,1233202.551,4.6,155,1995,intermedio,Ligera Magnitud,Shales con yeso  cherts  calizas y arenitas.
1099456.238,1233403.709,4.5,150,1997,intermedio,Ligera Magnitud,Shales con yeso  cherts  calizas y arenitas.
1091382.941,1234163.715,5.1,150,1994,intermedio,Moderada Magnitud,Cuarzoarenitas de grano fino a conglomeráticas con intercalaciones de lodolitas y conglomerados
1107968.94,1234304.83,4.2,150,1994,intermedio,Ligera Magnitud,Arenitas  limolitas y calizas intercaladas con tobas  brechas  aglomerados y lavas riolíticas a andesíticas.
1119468.87,1234439.576,4.7,155.68,2000,intermedio,Ligera Magnitud,Filitas  esquistos  cuarcitas  pizarras  metaconglomerados  metalimolitas y mármoles.
1080545.799,1234920.713,5.5,140.7,1997,intermedio,Moderada Magnitud,Capas rojas constituidas por arenitas  conglomerados y limolitas.
1105866.688,1234964.311,4.2,150,1994,intermedio,Ligera Magnitud,Arenitas  limolitas y calizas intercaladas con tobas  brechas  aglomerados y lavas riolíticas a andesíticas.
1109073.373,1234970.677,4.9,150,1998,intermedio,Ligera Magnitud,Abanicos aluviales y depósitos coluviales
1107082.795,1235077.309,4,146.4,1997,intermedio,Ligera Magnitud,Arenitas  limolitas y calizas intercaladas con tobas  brechas  aglomerados y lavas riolíticas a andesíticas.
1086183.945,1235482.394,5,145.87,1999,intermedio,Moderada Magnitud,Capas rojas constituidas por arenitas  conglomerados y limolitas.
1105423.311,1235516.47,4.1,150,1994,intermedio,Ligera Magnitud,Arenitas  limolitas y calizas intercaladas con tobas  brechas  aglomerados y lavas riolíticas a andesíticas.
1129639.75,1235569.09,4.7,131.4,2007,intermedio,Ligera Magnitud,Filitas  esquistos  cuarcitas  pizarras  metaconglomerados  metalimolitas y mármoles.
1099451.566,1235947.574,4.1,150,1998,intermedio,Ligera Magnitud,Shales con yeso  cherts  calizas y arenitas.
1115927.005,1235980.395,4,168,1993,intermedio,Ligera Magnitud,Filitas  esquistos  cuarcitas  pizarras  metaconglomerados  metalimolitas y mármoles.
1099451.362,1236058.177,4,150,1995,intermedio,Ligera Magnitud,Shales con yeso  cherts  calizas y arenitas.
1218450.08,1236297.5,5.3,12.1,1995,superficial,Moderada Magnitud,Cuarzoarenitas de grano fino a grueso  conglomerados y arenitas feldespáticas y líticas  e intercalaciones de lodolitas oscuras.
1108738.755,1236407.881,4.3,150,1993,intermedio,Ligera Magnitud,Abanicos aluviales y depósitos coluviales
1096907.05,1236717.171,5.3,150,1994,intermedio,Moderada Magnitud,Shales con yeso  cherts  calizas y arenitas.
1110175.527,1236742.611,4.4,152.1,1997,intermedio,Ligera Magnitud,Abanicos aluviales y depósitos coluviales
1116367.165,1236976.815,4.2,152,1993,intermedio,Ligera Magnitud,Filitas  esquistos  cuarcitas  pizarras  metaconglomerados  metalimolitas y mármoles.
1098786.117,1237052.385,4.4,151.76,1995,intermedio,Ligera Magnitud,Shales con yeso  cherts  calizas y arenitas.
1113602.593,1237081.534,4.2,150.8,1994,intermedio,Ligera Magnitud,Filitas  esquistos  cuarcitas  pizarras  metaconglomerados  metalimolitas y mármoles.
1116698.648,1237088.139,4.5,172,1996,intermedio,Ligera Magnitud,Filitas  esquistos  cuarcitas  pizarras  metaconglomerados  metalimolitas y mármoles.
1133838.033,1237127.917,4.3,160,2000,intermedio,Ligera Magnitud,Granodioritas que varían de sienogranitos a tonalitas y de cuarzomonzonitas a cuarzomonzodioritas
1106636.13,1237288.533,4.2,150,2000,intermedio,Ligera Magnitud,Shales con yeso  cherts  calizas y arenitas.
1094694.515,1237376.858,4.8,150,1994,intermedio,Ligera Magnitud,Shales con yeso  cherts  calizas y arenitas.
1098011.535,1237382.781,4.6,148.88,1996,intermedio,Ligera Magnitud,Shales con yeso  cherts  calizas y arenitas.
1087839.06,1237586.462,5.4,150,1994,intermedio,Moderada Magnitud,Shales con yeso  cherts  calizas y arenitas.
1120014.649,1237648.458,4.3,156.1,1993,intermedio,Ligera Magnitud,Filitas  esquistos  cuarcitas  pizarras  metaconglomerados  metalimolitas y mármoles.
1087727.956,1237918.082,4.3,141.4,2008,intermedio,Ligera Magnitud,Shales con yeso  cherts  calizas y arenitas.
1094472.413,1237929.478,4.6,154.1,1999,intermedio,Ligera Magnitud,Shales con yeso  cherts  calizas y arenitas.
1104534.013,1237948.048,4.6,150,1995,intermedio,Ligera Magnitud,Shales con yeso  cherts  calizas y arenitas.
1109177.914,1237957.252,5.5,160,1998,intermedio,Moderada Magnitud,Filitas  esquistos  cuarcitas  pizarras  metaconglomerados  metalimolitas y mármoles.
1113047.643,1238075.835,4.2,158,1993,intermedio,Ligera Magnitud,Filitas  esquistos  cuarcitas  pizarras  metaconglomerados  metalimolitas y mármoles.
1092149.972,1238257.263,4.9,150,1995,intermedio,Ligera Magnitud,Capas rojas constituidas por arenitas  conglomerados y limolitas.
1131844.631,1238339.761,4.6,150,1997,intermedio,Ligera Magnitud,Granodioritas que varían de sienogranitos a tonalitas y de cuarzomonzonitas a cuarzomonzodioritas
1095356.157,1238373.443,4.6,148.7,1994,intermedio,Ligera Magnitud,Shales con yeso  cherts  calizas y arenitas.
1115147.783,1238412.104,4,152,1996,intermedio,Ligera Magnitud,Filitas  esquistos  cuarcitas  pizarras  metaconglomerados  metalimolitas y mármoles.
1104974.778,1238723.139,4,2.5,2000,superficial,Ligera Magnitud,Shales con yeso  cherts  calizas y arenitas.
1108733.849,1238841.203,4,145,1995,intermedio,Ligera Magnitud,Cuarzoarenitas de grano fino a conglomeráticas con intercalaciones de lodolitas y conglomerados
1118463.701,1238972.339,4.1,131.9,2001,intermedio,Ligera Magnitud,Filitas  esquistos  cuarcitas  pizarras  metaconglomerados  metalimolitas y mármoles.
1102873.378,1239050.897,4.3,150,1995,intermedio,Ligera Magnitud,Shales con yeso  cherts  calizas y arenitas.
1097787.188,1239152.02,4.5,146.6,1996,intermedio,Ligera Magnitud,Shales con yeso  cherts  calizas y arenitas.
1099445.652,1239155.059,4,150,1995,intermedio,Ligera Magnitud,Cuarzoarenitas de grano fino a conglomeráticas con intercalaciones de lodolitas y conglomerados
1107848.422,1239281.846,5,150,2000,intermedio,Moderada Magnitud,Cuarzoarenitas de grano fino a conglomeráticas con intercalaciones de lodolitas y conglomerados
1130736.452,1239332.582,4.4,153.9,2007,intermedio,Ligera Magnitud,Metalodolitas  metarenitas  metaconglomerados y mármoles.
1100329.757,1239377.907,4,150,1994,intermedio,Ligera Magnitud,Shales con yeso  cherts  calizas y arenitas.
1118020.449,1239413.801,4.4,165,1993,intermedio,Ligera Magnitud,Filitas  esquistos  cuarcitas  pizarras  metaconglomerados  metalimolitas y mármoles.
1099445.039,1239486.868,5,148.1,2000,intermedio,Moderada Magnitud,Shales con yeso  cherts  calizas y arenitas.
1112491.786,1239512.566,4.2,156.2,1993,intermedio,Ligera Magnitud,Filitas  esquistos  cuarcitas  pizarras  metaconglomerados  metalimolitas y mármoles.
1089936.472,1239580.733,4.2,142,2008,intermedio,Ligera Magnitud,Shales con yeso  cherts  calizas y arenitas.
1114039.501,1239626.432,4,155,1994,intermedio,Ligera Magnitud,Filitas  esquistos  cuarcitas  pizarras  metaconglomerados  metalimolitas y mármoles.
1081644.121,1239788.706,4.4,150,2000,intermedio,Ligera Magnitud,Capas rojas constituidas por arenitas  conglomerados y limolitas.
1090709.654,1240024.436,4.6,150,1994,intermedio,Ligera Magnitud,Shales con yeso  cherts  calizas y arenitas.
1127749.129,1240099.693,4,155,2000,intermedio,Ligera Magnitud,Granodioritas que varían de sienogranitos a tonalitas y de cuarzomonzonitas a cuarzomonzodioritas
1097785.379,1240147.443,4.4,145.6,2008,intermedio,Ligera Magnitud,Shales con yeso  cherts  calizas y arenitas.
1099443.812,1240150.486,4.1,142.2,2000,intermedio,Ligera Magnitud,Shales con yeso  cherts  calizas y arenitas.
1132061.17,1240220.727,4,159.4,2000,intermedio,Ligera Magnitud,Metalodolitas  metarenitas  metaconglomerados y mármoles.
1095905.236,1240475.863,4.3,150,1997,intermedio,Ligera Magnitud,Shales con yeso  cherts  calizas y arenitas.
1099443.198,1240482.295,4,150,1994,intermedio,Ligera Magnitud,Shales con yeso  cherts  calizas y arenitas.
1123656.742,1240643.179,4,155.4,1998,intermedio,Ligera Magnitud,Granodioritas que varían de sienogranitos a tonalitas y de cuarzomonzonitas a cuarzomonzodioritas
1128190.096,1240653.805,4,153.56,2010,intermedio,Ligera Magnitud,Granodioritas que varían de sienogranitos a tonalitas y de cuarzomonzonitas a cuarzomonzodioritas
1131064.938,1240660.743,4,159.34,2000,intermedio,Ligera Magnitud,Metalodolitas  metarenitas  metaconglomerados y mármoles.
1108508.92,1240721.052,4.5,160,1999,intermedio,Ligera Magnitud,Cuarzoarenitas de grano fino a conglomeráticas con intercalaciones de lodolitas y conglomerados
1134602.688,1240890.721,4,160,1995,intermedio,Ligera Magnitud,Metalodolitas  metarenitas  metaconglomerados y mármoles.
1090818.719,1240909.429,4.2,149.7,2000,intermedio,Ligera Magnitud,Capas rojas constituidas por arenitas  conglomerados y limolitas.
1099441.764,1241256.517,4.7,151.74,1999,intermedio,Ligera Magnitud,Shales con yeso  cherts  calizas y arenitas.
1110497.937,1241278.14,4,154,1996,intermedio,Ligera Magnitud,Filitas  esquistos  cuarcitas  pizarras  metaconglomerados  metalimolitas y mármoles.
1106738.363,1241491.743,4.3,155,1994,intermedio,Ligera Magnitud,Cuarzoarenitas de grano fino a conglomeráticas con intercalaciones de lodolitas y conglomerados
1079209.224,1241554.64,4.1,150,1996,intermedio,Ligera Magnitud,Capas rojas constituidas por arenitas  conglomerados y limolitas.
1099220.031,1241587.916,4.4,150,1995,intermedio,Ligera Magnitud,Shales con yeso  cherts  calizas y arenitas.
1090043.324,1241792.931,4.3,150,1998,intermedio,Ligera Magnitud,Shales con yeso  cherts  calizas y arenitas.
1108174.999,1241826.438,4.1,154,1997,intermedio,Ligera Magnitud,Cuarzoarenitas de grano fino a conglomeráticas con intercalaciones de lodolitas y conglomerados
1109722.863,1241829.582,4.4,149.85,1993,intermedio,Ligera Magnitud,Cuarzoarenitas de grano fino a conglomeráticas con intercalaciones de lodolitas y conglomerados
1095018.205,1241912.117,4.3,150,1995,intermedio,Ligera Magnitud,Shales con yeso  cherts  calizas y arenitas.
1132499.093,1241991.63,4.3,160,1995,intermedio,Ligera Magnitud,Metalodolitas  metarenitas  metaconglomerados y mármoles.
1099440.329,1242030.738,4.2,150,1994,intermedio,Ligera Magnitud,Shales con yeso  cherts  calizas y arenitas.
1105631.658,1242042.579,4.3,150.2,1997,intermedio,Ligera Magnitud,Cuarzoarenitas de grano fino a conglomeráticas con intercalaciones de lodolitas y conglomerados
1115582.216,1242063.106,4.4,160,2000,intermedio,Ligera Magnitud,Filitas  esquistos  cuarcitas  pizarras  metaconglomerados  metalimolitas y mármoles.
1116798.414,1242065.742,4,150.9,1997,intermedio,Ligera Magnitud,Filitas  esquistos  cuarcitas  pizarras  metaconglomerados  metalimolitas y mármoles.
1130287.449,1242096.824,4.7,170,1995,intermedio,Ligera Magnitud,Filitas  esquistos  cuarcitas  pizarras  metaconglomerados  metalimolitas y mármoles.
1078545.087,1242106.655,4.2,137.1,2000,intermedio,Ligera Magnitud,Capas rojas constituidas por arenitas  conglomerados y limolitas.
1111822.393,1242386.954,5,190.5,1993,profundo,Moderada Magnitud,Cuarzoarenitas de grano fino a conglomeráticas con intercalaciones de lodolitas y conglomerados
1118677.022,1242512.305,4,148.01,1997,intermedio,Ligera Magnitud,Filitas  esquistos  cuarcitas  pizarras  metaconglomerados  metalimolitas y mármoles.
1102866.386,1242700.829,4.1,148.19,1997,intermedio,Ligera Magnitud,Shales con yeso  cherts  calizas y arenitas.
1115801.909,1242727.231,5,150,2000,intermedio,Moderada Magnitud,Filitas  esquistos  cuarcitas  pizarras  metaconglomerados  metalimolitas y mármoles.
1117791.787,1242842.178,5.7,160.97,2000,intermedio,Moderada Magnitud,Filitas  esquistos  cuarcitas  pizarras  metaconglomerados  metalimolitas y mármoles.
1128627.072,1242867.104,4.1,160,2000,intermedio,Ligera Magnitud,Granodioritas que varían de sienogranitos a tonalitas y de cuarzomonzonitas a cuarzomonzodioritas
1099438.687,1242915.563,4.2,150,1994,intermedio,Ligera Magnitud,Shales con yeso  cherts  calizas y arenitas.
1117349.295,1242951.816,4.6,162,1993,intermedio,Ligera Magnitud,Filitas  esquistos  cuarcitas  pizarras  metaconglomerados  metalimolitas y mármoles.
1130616.996,1242982.534,4,160,1998,intermedio,Ligera Magnitud,Filitas  esquistos  cuarcitas  pizarras  metaconglomerados  metalimolitas y mármoles.
1092805.142,1243014.258,4.1,144.8,2001,intermedio,Ligera Magnitud,Capas rojas constituidas por arenitas  conglomerados y limolitas.
1097890.491,1243133.917,4.4,142,1996,intermedio,Ligera Magnitud,Shales con yeso  cherts  calizas y arenitas.
1122987.495,1243185.69,4.1,159.67,1993,intermedio,Ligera Magnitud,Ortogneises graníticos a tonalíticos y paragneises de composición anfibolítica y textura migmatítica
1087277.075,1243226.163,4.4,140,2000,intermedio,Ligera Magnitud,Shales con yeso  cherts  calizas y arenitas.
1097779.531,1243354.921,5.2,155.7,1993,intermedio,Moderada Magnitud,Shales con yeso  cherts  calizas y arenitas.
1112483.671,1243383.804,4.4,157.7,2009,intermedio,Ligera Magnitud,Cuarzoarenitas de grano fino a conglomeráticas con intercalaciones de lodolitas y conglomerados
1099327.104,1243468.374,4.2,150.7,2004,intermedio,Ligera Magnitud,Shales con yeso  cherts  calizas y arenitas.
1106955.512,1243483.077,5,148,2000,intermedio,Moderada Magnitud,Cuarzoarenitas de grano fino a conglomeráticas con intercalaciones de lodolitas y conglomerados
1121549.421,1243514.236,4.5,165,1994,intermedio,Ligera Magnitud,Granodioritas que varían de sienogranitos a tonalitas y de cuarzomonzonitas a cuarzomonzodioritas
1107176.406,1243594.125,4.6,170,2000,intermedio,Ligera Magnitud,Cuarzoarenitas de grano fino a conglomeráticas con intercalaciones de lodolitas y conglomerados
1108724.215,1243597.248,6.4,158.84,2000,intermedio,Fuerte Magnitud,Cuarzoarenitas de grano fino a conglomeráticas con intercalaciones de lodolitas y conglomerados
1133932.346,1243654.411,4,160,1999,intermedio,Ligera Magnitud,Metalodolitas  metarenitas  metaconglomerados y mármoles.
1093025.098,1243678.251,4.5,132.6,2000,intermedio,Ligera Magnitud,Capas rojas constituidas por arenitas  conglomerados y limolitas.
1103416.826,1243918.54,4,160,1994,intermedio,Ligera Magnitud,Shales con yeso  cherts  calizas y arenitas.
1106291.068,1244034.781,4.3,154.4,1993,intermedio,Ligera Magnitud,Cuarzoarenitas de grano fino a conglomeráticas con intercalaciones de lodolitas y conglomerados
1112371.717,1244047.213,4.3,155,1994,intermedio,Ligera Magnitud,Cuarzoarenitas de grano fino a conglomeráticas con intercalaciones de lodolitas y conglomerados
1080974.255,1244101.049,4.1,126.5,2010,intermedio,Ligera Magnitud,Capas rojas constituidas por arenitas  conglomerados y limolitas.
1101536.962,1244136.146,4.7,156.9,2002,intermedio,Ligera Magnitud,Shales con yeso  cherts  calizas y arenitas.
1121658.473,1244178.146,4,150,1997,intermedio,Ligera Magnitud,Granodioritas que varían de sienogranitos a tonalitas y de cuarzomonzonitas a cuarzomonzodioritas
1131277.41,1244200.9,4,160,1999,intermedio,Ligera Magnitud,Filitas  esquistos  cuarcitas  pizarras  metaconglomerados  metalimolitas y mármoles.
1098441.236,1244240.96,4.1,150.6,1998,intermedio,Ligera Magnitud,Shales con yeso  cherts  calizas y arenitas.
1107838.414,1244259.091,6.3,155.87,1998,intermedio,Fuerte Magnitud,Cuarzoarenitas de grano fino a conglomeráticas con intercalaciones de lodolitas y conglomerados
1111818.464,1244267.268,6,154.95,1993,intermedio,Fuerte Magnitud,Cuarzoarenitas de grano fino a conglomeráticas con intercalaciones de lodolitas y conglomerados
1129618.684,1244307.466,4.2,165,1995,intermedio,Ligera Magnitud,Granodioritas que varían de sienogranitos a tonalitas y de cuarzomonzonitas a cuarzomonzodioritas
1106843.187,1244367.698,4.3,154,2006,intermedio,Ligera Magnitud,Cuarzoarenitas de grano fino a conglomeráticas con intercalaciones de lodolitas y conglomerados
1119889.008,1244395.369,4.2,155.44,1993,intermedio,Ligera Magnitud,Filitas  esquistos  cuarcitas  pizarras  metaconglomerados  metalimolitas y mármoles.
1117677.575,1244501.063,4.5,160,1994,intermedio,Ligera Magnitud,Filitas  esquistos  cuarcitas  pizarras  metaconglomerados  metalimolitas y mármoles.
1091586.389,1244560.581,4.8,142.49,2000,intermedio,Ligera Magnitud,Shales con yeso  cherts  calizas y arenitas.
1107506.078,1244590.239,4.3,160,2000,intermedio,Ligera Magnitud,Cuarzoarenitas de grano fino a conglomeráticas con intercalaciones de lodolitas y conglomerados
1096339.922,1244679.543,4.9,142.07,1999,intermedio,Ligera Magnitud,Shales con yeso  cherts  calizas y arenitas.
1114470.907,1244715.314,4.2,170,2001,intermedio,Ligera Magnitud,Filitas  esquistos  cuarcitas  pizarras  metaconglomerados  metalimolitas y mármoles.
1094681.445,1244787.18,4.2,144.9,1994,intermedio,Ligera Magnitud,Capas rojas constituidas por arenitas  conglomerados y limolitas.
1105515.645,1244807.482,4.5,165,2001,intermedio,Ligera Magnitud,Cuarzoarenitas de grano fino a conglomeráticas con intercalaciones de lodolitas y conglomerados
1108611.185,1244813.686,4.2,154.77,1997,intermedio,Ligera Magnitud,Cuarzoarenitas de grano fino a conglomeráticas con intercalaciones de lodolitas y conglomerados
1071687.119,1244861.97,5.9,160,1994,intermedio,Moderada Magnitud,Shales con yeso  cherts  calizas y arenitas.
1134371.553,1244872.276,4.5,148.9,2003,intermedio,Ligera Magnitud,Metalodolitas  metarenitas  metaconglomerados y mármoles.
1104630.993,1244916.347,6.8,151.42,2012,intermedio,Fuerte Magnitud,Cuarzoarenitas de grano fino a conglomeráticas con intercalaciones de lodolitas y conglomerados
1106952.636,1244920.946,6.3,153.85,1999,intermedio,Fuerte Magnitud,Cuarzoarenitas de grano fino a conglomeráticas con intercalaciones de lodolitas y conglomerados
1107284.3,1244921.611,4.4,150,2000,intermedio,Ligera Magnitud,Cuarzoarenitas de grano fino a conglomeráticas con intercalaciones de lodolitas y conglomerados
1108058.185,1244923.171,4.2,155,1993,intermedio,Ligera Magnitud,Cuarzoarenitas de grano fino a conglomeráticas con intercalaciones de lodolitas y conglomerados
1109605.959,1244926.325,4.8,156.7,2004,intermedio,Ligera Magnitud,Cuarzoarenitas de grano fino a conglomeráticas con intercalaciones de lodolitas y conglomerados
1110048.181,1244927.234,4.9,162.7,2000,intermedio,Ligera Magnitud,Cuarzoarenitas de grano fino a conglomeráticas con intercalaciones de lodolitas y conglomerados
1124531.264,1244959.04,4.2,162.8,1999,intermedio,Ligera Magnitud,Granodioritas que varían de sienogranitos a tonalitas y de cuarzomonzonitas a cuarzomonzodioritas
1115796.88,1245049.997,4,163.17,1993,intermedio,Ligera Magnitud,Filitas  esquistos  cuarcitas  pizarras  metaconglomerados  metalimolitas y mármoles.
1116681.338,1245051.922,4.9,158.7,2008,intermedio,Ligera Magnitud,Filitas  esquistos  cuarcitas  pizarras  metaconglomerados  metalimolitas y mármoles.
1132822.837,1245200.246,4.3,175,2008,intermedio,Ligera Magnitud,Metalodolitas  metarenitas  metaconglomerados y mármoles.
1094901.762,1245229.98,4,149.7,2008,intermedio,Ligera Magnitud,Capas rojas constituidas por arenitas  conglomerados y limolitas.
1130721.883,1245305.675,4.1,160,2007,intermedio,Ligera Magnitud,Filitas  esquistos  cuarcitas  pizarras  metaconglomerados  metalimolitas y mármoles.
1103856.04,1245467.859,4.4,160,1998,intermedio,Ligera Magnitud,Cuarzoarenitas de grano fino a conglomeráticas con intercalaciones de lodolitas y conglomerados
1104298.251,1245468.721,4.2,148,2008,intermedio,Ligera Magnitud,Cuarzoarenitas de grano fino a conglomeráticas con intercalaciones de lodolitas y conglomerados
1106840.974,1245473.751,4,148.1,2008,intermedio,Ligera Magnitud,Cuarzoarenitas de grano fino a conglomeráticas con intercalaciones de lodolitas y conglomerados
1125303.888,1245513.906,4.1,160,1998,intermedio,Ligera Magnitud,Granodioritas que varían de sienogranitos a tonalitas y de cuarzomonzonitas a cuarzomonzodioritas
1101313.125,1245573.575,4.3,148.19,1993,intermedio,Ligera Magnitud,Shales con yeso  cherts  calizas y arenitas.
1119222.686,1245721.194,4.3,157,1999,intermedio,Ligera Magnitud,Granodioritas que varían de sienogranitos a tonalitas y de cuarzomonzonitas a cuarzomonzodioritas
1123534.432,1245731.003,4.1,165,1994,intermedio,Ligera Magnitud,Ortogneises graníticos a tonalíticos y paragneises de composición anfibolítica y textura migmatítica
1106176.993,1245804.242,4.2,160,1996,intermedio,Ligera Magnitud,Cuarzoarenitas de grano fino a conglomeráticas con intercalaciones de lodolitas y conglomerados
1075886.476,1245863.152,5.2,150,1994,intermedio,Moderada Magnitud,Cuarzoarenitas de grano fino a conglomeráticas con intercalaciones de lodolitas y conglomerados
1090146.984,1245885.347,4.5,145.8,1999,intermedio,Ligera Magnitud,Shales con yeso  cherts  calizas y arenitas.
1107945.616,1245918.398,4.2,160,1999,intermedio,Ligera Magnitud,Cuarzoarenitas de grano fino a conglomeráticas con intercalaciones de lodolitas y conglomerados
1109382.808,1245921.326,4.2,169,2001,intermedio,Ligera Magnitud,Cuarzoarenitas de grano fino a conglomeráticas con intercalaciones de lodolitas y conglomerados
1112699.424,1245928.231,7,155.15,2007,intermedio,Mayor Magnitud,Cuarzoarenitas de grano fino a conglomeráticas con intercalaciones de lodolitas y conglomerados
1114689.408,1245932.473,4.2,160,1996,intermedio,Ligera Magnitud,Cuarzoarenitas de grano fino a conglomeráticas con intercalaciones de lodolitas y conglomerados
1117784.961,1245939.219,4,150,1997,intermedio,Ligera Magnitud,Filitas  esquistos  cuarcitas  pizarras  metaconglomerados  metalimolitas y mármoles.
1100317.329,1246014.109,4.9,149.98,1994,intermedio,Ligera Magnitud,Shales con yeso  cherts  calizas y arenitas.
1106066.001,1246025.233,4.8,159,2009,intermedio,Ligera Magnitud,Cuarzoarenitas de grano fino a conglomeráticas con intercalaciones de lodolitas y conglomerados
1135031.859,1246090.709,4.3,159.8,2007,intermedio,Ligera Magnitud,Shales con yeso y chert intercalados con calizas y arenitas
1084177.069,1246096.791,4.1,139.8,1997,intermedio,Ligera Magnitud,Capas rojas constituidas por arenitas  conglomerados y limolitas.
1095674.031,1246116.18,4,138,1997,intermedio,Ligera Magnitud,Capas rojas constituidas por arenitas  conglomerados y limolitas.
1106618.541,1246136.94,4.1,160,1995,intermedio,Ligera Magnitud,Cuarzoarenitas de grano fino a conglomeráticas con intercalaciones de lodolitas y conglomerados
1108719.037,1246141.182,6.9,157.02,1997,intermedio,Fuerte Magnitud,Cuarzoarenitas de grano fino a conglomeráticas con intercalaciones de lodolitas y conglomerados
1109824.566,1246143.447,4,157.4,2006,intermedio,Ligera Magnitud,Cuarzoarenitas de grano fino a conglomeráticas con intercalaciones de lodolitas y conglomerados
1102638.472,1246239.735,4.4,158.86,2008,intermedio,Ligera Magnitud,Shales con yeso  cherts  calizas y arenitas.
1105954.789,1246356.828,4.7,177,2001,intermedio,Ligera Magnitud,Cuarzoarenitas de grano fino a conglomeráticas con intercalaciones de lodolitas y conglomerados
1114135.687,1246373.717,4.6,160,1997,intermedio,Ligera Magnitud,Cuarzoarenitas de grano fino a conglomeráticas con intercalaciones de lodolitas y conglomerados
1137131.683,1246427.915,4.2,162.31,2003,intermedio,Ligera Magnitud,Shales con yeso y chert intercalados con calizas y arenitas
1122537.629,1246502.98,4,160,1998,intermedio,Ligera Magnitud,Ortogneises graníticos a tonalíticos y paragneises de composición anfibolítica y textura migmatítica
1135141.299,1246533.447,4,162.1,1995,intermedio,Ligera Magnitud,Shales con yeso y chert intercalados con calizas y arenitas
1103190.584,1246572.615,4,159.5,1998,intermedio,Ligera Magnitud,Shales con yeso  cherts  calizas y arenitas.
1116456.843,1246599.955,4.2,173.4,2002,intermedio,Ligera Magnitud,Filitas  esquistos  cuarcitas  pizarras  metaconglomerados  metalimolitas y mármoles.
1088266.386,1246656.407,4.1,142,1996,intermedio,Ligera Magnitud,Shales con yeso  cherts  calizas y arenitas.
1107280.518,1246801.904,4.2,146.5,2007,intermedio,Ligera Magnitud,Arenitas  limolitas y calizas intercaladas con tobas  brechas  aglomerados y lavas riolíticas a andesíticas.
1108938.786,1246805.269,4.1,160,1997,intermedio,Ligera Magnitud,Cuarzoarenitas de grano fino a conglomeráticas con intercalaciones de lodolitas y conglomerados
1128948.889,1246960.558,4.5,155.4,2007,intermedio,Ligera Magnitud,Granodioritas que varían de sienogranitos a tonalitas y de cuarzomonzonitas a cuarzomonzodioritas
1089702.929,1246990.61,4,150,1995,intermedio,Ligera Magnitud,Shales con yeso  cherts  calizas y arenitas.
1090697.843,1246992.295,4.2,150,2000,intermedio,Ligera Magnitud,Shales con yeso  cherts  calizas y arenitas.
1113802.608,1247036.652,4.1,162.48,1995,intermedio,Ligera Magnitud,Cuarzoarenitas de grano fino a conglomeráticas con intercalaciones de lodolitas y conglomerados
1118114.178,1247046.04,4.6,160,1999,intermedio,Ligera Magnitud,Granodioritas que varían de sienogranitos a tonalitas y de cuarzomonzonitas a cuarzomonzodioritas
1089481.652,1247100.838,4.3,138.9,2000,intermedio,Ligera Magnitud,Shales con yeso  cherts  calizas y arenitas.
1109601.412,1247138.448,4.1,158.7,1996,intermedio,Ligera Magnitud,Cuarzoarenitas de grano fino a conglomeráticas con intercalaciones de lodolitas y conglomerados
1099430.655,1247229.089,4.6,150,1997,intermedio,Ligera Magnitud,Capas rojas constituidas por arenitas  conglomerados y limolitas.
1099430.448,1247339.693,4.6,151.83,1994,intermedio,Ligera Magnitud,Capas rojas constituidas por arenitas  conglomerados y limolitas.
1115460.178,1247372.045,4.1,163.28,2000,intermedio,Ligera Magnitud,Cuarzoarenitas de grano fino a conglomeráticas con intercalaciones de lodolitas y conglomerados
1115570.731,1247372.285,4.1,155.94,1997,intermedio,Ligera Magnitud,Cuarzoarenitas de grano fino a conglomeráticas con intercalaciones de lodolitas y conglomerados
1115791.835,1247372.766,4.3,160,2000,intermedio,Ligera Magnitud,Cuarzoarenitas de grano fino a conglomeráticas con intercalaciones de lodolitas y conglomerados
1116012.94,1247373.247,5.4,170,2000,intermedio,Moderada Magnitud,Cuarzoarenitas de grano fino a conglomeráticas con intercalaciones de lodolitas y conglomerados
1117560.677,1247376.643,4.2,157.7,1995,intermedio,Ligera Magnitud,Granodioritas que varían de sienogranitos a tonalitas y de cuarzomonzonitas a cuarzomonzodioritas
1122203.676,1247497.709,4.3,165,1994,intermedio,Ligera Magnitud,Ortogneises graníticos a tonalíticos y paragneises de composición anfibolítica y textura migmatítica
1123309.22,1247500.259,4.2,154.1,2007,intermedio,Ligera Magnitud,Ortogneises graníticos a tonalíticos y paragneises de composición anfibolítica y textura migmatítica
1100424.96,1247562.767,4.1,148.3,2005,intermedio,Ligera Magnitud,Capas rojas constituidas por arenitas  conglomerados y limolitas.
1109489.951,1247580.645,4.2,159.82,2000,intermedio,Ligera Magnitud,Cuarzoarenitas de grano fino a conglomeráticas con intercalaciones de lodolitas y conglomerados
1123640.627,1247611.639,4.5,170,1995,intermedio,Ligera Magnitud,Granodioritas que varían de sienogranitos a tonalitas y de cuarzomonzonitas a cuarzomonzodioritas
1124303.954,1247613.184,4,168,2001,intermedio,Ligera Magnitud,Granodioritas que varían de sienogranitos a tonalitas y de cuarzomonzonitas a cuarzomonzodioritas
1104072.825,1247680.381,4.4,140,1995,intermedio,Ligera Magnitud,Cuarzoarenitas de grano fino a conglomeráticas con intercalaciones de lodolitas y conglomerados
1104183.373,1247680.597,4.4,150,1998,intermedio,Ligera Magnitud,Cuarzoarenitas de grano fino a conglomeráticas con intercalaciones de lodolitas y conglomerados
1110042.473,1247692.391,5.9,150.01,2000,intermedio,Moderada Magnitud,Cuarzoarenitas de grano fino a conglomeráticas con intercalaciones de lodolitas y conglomerados
1111147.974,1247694.689,4,155.5,2008,intermedio,Ligera Magnitud,Cuarzoarenitas de grano fino a conglomeráticas con intercalaciones de lodolitas y conglomerados
1119992.101,1247713.897,4.1,160,1999,intermedio,Ligera Magnitud,Granodioritas que varían de sienogranitos a tonalitas y de cuarzomonzonitas a cuarzomonzodioritas
1122755.937,1247720.202,4,156.6,2005,intermedio,Ligera Magnitud,Ortogneises graníticos a tonalíticos y paragneises de composición anfibolítica y textura migmatítica
1088706.728,1247763.147,4.4,149.3,1995,intermedio,Ligera Magnitud,Shales con yeso  cherts  calizas y arenitas.
1106836.317,1247796.463,4,160,1997,intermedio,Ligera Magnitud,Arenitas  limolitas y calizas intercaladas con tobas  brechas  aglomerados y lavas riolíticas a andesíticas.
1109489.496,1247801.857,4.4,185.4,2003,profundo,Ligera Magnitud,Cuarzoarenitas de grano fino a conglomeráticas con intercalaciones de lodolitas y conglomerados
1110705.543,1247804.374,4.2,149.12,1997,intermedio,Ligera Magnitud,Cuarzoarenitas de grano fino a conglomeráticas con intercalaciones de lodolitas y conglomerados
1116011.975,1247815.68,4,154.49,1998,intermedio,Ligera Magnitud,Cuarzoarenitas de grano fino a conglomeráticas con intercalaciones de lodolitas y conglomerados
1131710.652,1247852.228,4.2,170,1999,intermedio,Ligera Magnitud,Metalodolitas  metarenitas  metaconglomerados y mármoles.
1137680.774,1247867.342,4,150,1995,intermedio,Ligera Magnitud,Shales  calizas  fosforitas  cherts y cuarzoarenitas. Predominio de facies finas al norte del Cocuy y facies más arenosas al sur.
1092465.046,1247880.148,4,150,2000,intermedio,Ligera Magnitud,Shales con yeso  cherts  calizas y arenitas.
1096113.035,1247886.614,4.1,160,2000,intermedio,Ligera Magnitud,Capas rojas constituidas por arenitas  conglomerados y limolitas.
1105288.419,1247903.983,4.3,160,1998,intermedio,Ligera Magnitud,Arenitas  limolitas y calizas intercaladas con tobas  brechas  aglomerados y lavas riolíticas a andesíticas.
1111921.361,1247917.525,4.4,156.9,1995,intermedio,Ligera Magnitud,Cuarzoarenitas de grano fino a conglomeráticas con intercalaciones de lodolitas y conglomerados
1083510.844,1247975.937,4.8,130.01,2001,intermedio,Ligera Magnitud,Capas rojas constituidas por arenitas  conglomerados y limolitas.
1111257.83,1248026.74,4.3,166,1999,intermedio,Ligera Magnitud,Cuarzoarenitas de grano fino a conglomeráticas con intercalaciones de lodolitas y conglomerados
1122755.172,1248052.033,4,167.7,1998,intermedio,Ligera Magnitud,Ortogneises graníticos a tonalíticos y paragneises de composición anfibolítica y textura migmatítica
1099429.001,1248113.916,4,150,1994,intermedio,Ligera Magnitud,Shales con yeso  cherts  calizas y arenitas.
1110815.402,1248136.424,4.5,167.7,1994,intermedio,Ligera Magnitud,Cuarzoarenitas de grano fino a conglomeráticas con intercalaciones de lodolitas y conglomerados
1122312.705,1248161.624,4.2,155,1994,intermedio,Ligera Magnitud,Ortogneises graníticos a tonalíticos y paragneises de composición anfibolítica y textura migmatítica
1089811.422,1248207.406,4,137,2001,intermedio,Ligera Magnitud,Shales con yeso  cherts  calizas y arenitas.
1105066.668,1248235.361,4.2,159.9,2015,intermedio,Ligera Magnitud,Arenitas  limolitas y calizas intercaladas con tobas  brechas  aglomerados y lavas riolíticas a andesíticas.
1105729.952,1248236.675,4.3,159.3,2016,intermedio,Ligera Magnitud,Arenitas  limolitas y calizas intercaladas con tobas  brechas  aglomerados y lavas riolíticas a andesíticas.
1111810.114,1248249.113,4.1,162.3,2001,intermedio,Ligera Magnitud,Cuarzoarenitas de grano fino a conglomeráticas con intercalaciones de lodolitas y conglomerados
1117890.375,1248262.246,4.7,150,2000,intermedio,Ligera Magnitud,Granodioritas que varían de sienogranitos a tonalitas y de cuarzomonzonitas a cuarzomonzodioritas
1103076.607,1248342.07,4.1,150,2000,intermedio,Ligera Magnitud,Cuarzoarenitas de grano fino a conglomeráticas con intercalaciones de lodolitas y conglomerados
1121869.987,1248381.829,4.2,169.8,2007,intermedio,Ligera Magnitud,Ortogneises graníticos a tonalíticos y paragneises de composición anfibolítica y textura migmatítica
1120985.318,1248490.419,5.2,159.97,2000,intermedio,Moderada Magnitud,Granodioritas que varían de sienogranitos a tonalitas y de cuarzomonzonitas a cuarzomonzodioritas
1126734.057,1248503.814,4.1,150,2000,intermedio,Ligera Magnitud,Granodioritas que varían de sienogranitos a tonalitas y de cuarzomonzonitas a cuarzomonzodioritas
1090805.746,1248540.899,4.2,138.37,2007,intermedio,Ligera Magnitud,Shales con yeso  cherts  calizas y arenitas.
1112914.903,1248583.271,4.8,162,1996,intermedio,Ligera Magnitud,Cuarzoarenitas de grano fino a conglomeráticas con intercalaciones de lodolitas y conglomerados
1114683.69,1248587.058,4,148.01,2001,intermedio,Ligera Magnitud,Cuarzoarenitas de grano fino a conglomeráticas con intercalaciones de lodolitas y conglomerados
1116894.686,1248591.875,5.3,180,1999,intermedio,Moderada Magnitud,Granodioritas que varían de sienogranitos a tonalitas y de cuarzomonzonitas a cuarzomonzodioritas
1124301.627,1248608.682,4,160,1999,intermedio,Ligera Magnitud,Granodioritas que varían de sienogranitos a tonalitas y de cuarzomonzonitas a cuarzomonzodioritas
1124522.732,1248609.199,4.6,170,1998,intermedio,Ligera Magnitud,Granodioritas que varían de sienogranitos a tonalitas y de cuarzomonzonitas a cuarzomonzodioritas
1120653.161,1248710.884,4,166.9,2002,intermedio,Ligera Magnitud,Granodioritas que varían de sienogranitos a tonalitas y de cuarzomonzonitas a cuarzomonzodioritas
1130271.25,1248733.592,4,157.9,2001,intermedio,Ligera Magnitud,Filitas  esquistos  cuarcitas  pizarras  metaconglomerados  metalimolitas y mármoles.
1104844.482,1248787.949,4.6,160,2000,intermedio,Ligera Magnitud,Cuarzoarenitas de grano fino a conglomeráticas con intercalaciones de lodolitas y conglomerados
1114351.566,1248807.559,4.4,165,1994,intermedio,Ligera Magnitud,Cuarzoarenitas de grano fino a conglomeráticas con intercalaciones de lodolitas y conglomerados
1115346.507,1248809.709,4.3,163.2,1998,intermedio,Ligera Magnitud,Cuarzoarenitas de grano fino a conglomeráticas con intercalaciones de lodolitas y conglomerados
1107607.921,1248904.079,4.8,159,1997,intermedio,Ligera Magnitud,Cuarzoarenitas de grano fino a conglomeráticas con intercalaciones de lodolitas y conglomerados
1110150.502,1248909.29,4.2,158.2,2005,intermedio,Ligera Magnitud,Cuarzoarenitas de grano fino a conglomeráticas con intercalaciones de lodolitas y conglomerados
1099427.346,1248998.743,4.9,150,1998,intermedio,Ligera Magnitud,Shales con yeso  cherts  calizas y arenitas.
1110924.104,1249021.507,4.3,170,1998,intermedio,Ligera Magnitud,Cuarzoarenitas de grano fino a conglomeráticas con intercalaciones de lodolitas y conglomerados
1104843.827,1249119.763,4.3,170,2000,intermedio,Ligera Magnitud,Cuarzoarenitas de grano fino a conglomeráticas con intercalaciones de lodolitas y conglomerados
1114793.045,1249140.336,4.5,165,1994,intermedio,Ligera Magnitud,Cuarzoarenitas de grano fino a conglomeráticas con intercalaciones de lodolitas y conglomerados
1104511.974,1249229.714,4,144.3,2001,intermedio,Ligera Magnitud,Cuarzoarenitas de grano fino a conglomeráticas con intercalaciones de lodolitas y conglomerados
1127727.179,1249280.48,4.7,155,1995,intermedio,Ligera Magnitud,Granodioritas que varían de sienogranitos a tonalitas y de cuarzomonzonitas a cuarzomonzodioritas
1130491,1249287.2,4.6,165,1995,intermedio,Ligera Magnitud,Filitas  esquistos  cuarcitas  pizarras  metaconglomerados  metalimolitas y mármoles.
1093678.504,1249320.1,4.8,150,1994,intermedio,Ligera Magnitud,Shales con yeso  cherts  calizas y arenitas.
1099426.725,1249330.553,4.1,150.1,2000,intermedio,Ligera Magnitud,Shales con yeso  cherts  calizas y arenitas.
1120098.655,1249483.899,4.1,163.3,1997,intermedio,Ligera Magnitud,Granodioritas que varían de sienogranitos a tonalitas y de cuarzomonzonitas a cuarzomonzodioritas
1103848.055,1249560.227,4,160,1994,intermedio,Ligera Magnitud,Cuarzoarenitas de grano fino a conglomeráticas con intercalaciones de lodolitas y conglomerados
1110038.35,1249683.306,4.2,160,1999,intermedio,Ligera Magnitud,Cuarzoarenitas de grano fino a conglomeráticas con intercalaciones de lodolitas y conglomerados
1099646.981,1249773.382,4.3,170,1999,intermedio,Ligera Magnitud,Shales con yeso  cherts  calizas y arenitas.
1093788.069,1249873.305,5,157.3,1998,intermedio,Moderada Magnitud,Shales con yeso  cherts  calizas y arenitas.
1107052.734,1250119.624,4.1,160.6,2001,intermedio,Ligera Magnitud,Arenitas  limolitas y calizas intercaladas con tobas  brechas  aglomerados y lavas riolíticas a andesíticas.
1098540.53,1250324.333,4,152.8,1998,intermedio,Ligera Magnitud,Shales con yeso  cherts  calizas y arenitas.
1108599.9,1250343.982,4.5,158.13,1993,intermedio,Ligera Magnitud,Arenitas  limolitas y calizas intercaladas con tobas  brechas  aglomerados y lavas riolíticas a andesíticas.
1083285.943,1250408.778,4.2,150,1997,intermedio,Ligera Magnitud,Capas rojas constituidas por arenitas  conglomerados y limolitas.
1097324.376,1250432.69,4.3,152,2007,intermedio,Ligera Magnitud,Capas rojas constituidas por arenitas  conglomerados y limolitas.
1109262.936,1250455.951,4.2,154.3,2008,intermedio,Ligera Magnitud,Arenitas  limolitas y calizas intercaladas con tobas  brechas  aglomerados y lavas riolíticas a andesíticas.
1114126.9,1250466.198,4.3,160,1994,intermedio,Ligera Magnitud,Cuarzoarenitas de grano fino a conglomeráticas con intercalaciones de lodolitas y conglomerados
1114569.082,1250467.152,4.1,164.37,2000,intermedio,Ligera Magnitud,Cuarzoarenitas de grano fino a conglomeráticas con intercalaciones de lodolitas y conglomerados
1105283.156,1250558.503,4.4,158.7,2000,intermedio,Ligera Magnitud,Cuarzoarenitas de grano fino a conglomeráticas con intercalaciones de lodolitas y conglomerados
1110589.235,1250569.308,4.4,158.85,2002,intermedio,Ligera Magnitud,Cuarzoarenitas de grano fino a conglomeráticas con intercalaciones de lodolitas y conglomerados
1117885.218,1250585.031,4.2,172.05,2003,intermedio,Ligera Magnitud,Cuarzoarenitas de grano fino a conglomeráticas con intercalaciones de lodolitas y conglomerados
1127945.083,1250608.358,4.1,150,2000,intermedio,Ligera Magnitud,Granodioritas que varían de sienogranitos a tonalitas y de cuarzomonzonitas a cuarzomonzodioritas
1118106.064,1250696.132,4.3,169,2000,intermedio,Ligera Magnitud,Cuarzoarenitas de grano fino a conglomeráticas con intercalaciones de lodolitas y conglomerados
1122306.844,1250705.66,4.6,165.7,1994,intermedio,Ligera Magnitud,Ortogneises graníticos a tonalíticos y paragneises de composición anfibolítica y textura migmatítica
1130376.913,1250724.898,4.1,160,1994,intermedio,Ligera Magnitud,Granodioritas que varían de sienogranitos a tonalitas y de cuarzomonzonitas a cuarzomonzodioritas
1119984.853,1250921.573,4,160,1997,intermedio,Ligera Magnitud,Granodioritas que varían de sienogranitos a tonalitas y de cuarzomonzonitas a cuarzomonzodioritas
1098649.63,1251098.762,6.2,164.2,1999,intermedio,Fuerte Magnitud,Shales con yeso  cherts  calizas y arenitas.
1109814.281,1251120.731,5.1,158.57,1997,intermedio,Moderada Magnitud,Arenitas  limolitas y calizas intercaladas con tobas  brechas  aglomerados y lavas riolíticas a andesíticas.
1124737.857,1251153.773,4.3,166.3,2000,intermedio,Ligera Magnitud,Granodioritas que varían de sienogranitos a tonalitas y de cuarzomonzonitas a cuarzomonzodioritas
1119541.669,1251363.011,4.1,160,2000,intermedio,Ligera Magnitud,Granodioritas que varían de sienogranitos a tonalitas y de cuarzomonzonitas a cuarzomonzodioritas
1127501.021,1251381.577,4.4,160.4,1997,intermedio,Ligera Magnitud,Granodioritas que varían de sienogranitos a tonalitas y de cuarzomonzonitas a cuarzomonzodioritas
1114235.299,1251461.906,5,169.91,1995,intermedio,Moderada Magnitud,Cuarzoarenitas de grano fino a conglomeráticas con intercalaciones de lodolitas y conglomerados
1104839.016,1251553.072,4,152.7,1997,intermedio,Ligera Magnitud,Arenitas  limolitas y calizas intercaladas con tobas  brechas  aglomerados y lavas riolíticas a andesíticas.
1105612.799,1251554.61,4.3,156.3,2003,intermedio,Ligera Magnitud,Arenitas  limolitas y calizas intercaladas con tobas  brechas  aglomerados y lavas riolíticas a andesíticas.
1103512.102,1251771.671,4,142.3,2000,intermedio,Ligera Magnitud,Arenitas  limolitas y calizas intercaladas con tobas  brechas  aglomerados y lavas riolíticas a andesíticas.
1099421.953,1251874.433,4.1,150,1995,intermedio,Ligera Magnitud,Shales con yeso  cherts  calizas y arenitas.
1099421.953,1251874.433,4.4,143.4,2000,intermedio,Ligera Magnitud,Shales con yeso  cherts  calizas y arenitas.
1107822.715,1252001.49,4.6,152.3,2001,intermedio,Ligera Magnitud,Arenitas  limolitas y calizas intercaladas con tobas  brechas  aglomerados y lavas riolíticas a andesíticas.
1116444.956,1252019.764,4,160,1994,intermedio,Ligera Magnitud,Cuarzoarenitas de grano fino a conglomeráticas con intercalaciones de lodolitas y conglomerados
1116776.585,1252020.495,4.1,155,1994,intermedio,Ligera Magnitud,Cuarzoarenitas de grano fino a conglomeráticas con intercalaciones de lodolitas y conglomerados
1114897.119,1252126.989,4.1,160.1,1996,intermedio,Ligera Magnitud,Cuarzoarenitas de grano fino a conglomeráticas con intercalaciones de lodolitas y conglomerados
1111912.259,1252231.198,4.8,175,2000,intermedio,Ligera Magnitud,Cuarzoarenitas de grano fino a conglomeráticas con intercalaciones de lodolitas y conglomerados
1112575.506,1252232.605,4.2,162.3,2000,intermedio,Ligera Magnitud,Cuarzoarenitas de grano fino a conglomeráticas con intercalaciones de lodolitas y conglomerados
1110696.079,1252339.245,4.2,151.9,1997,intermedio,Ligera Magnitud,Cuarzoarenitas de grano fino a conglomeráticas con intercalaciones de lodolitas y conglomerados
1114233.389,1252346.768,4.4,160,1996,intermedio,Ligera Magnitud,Cuarzoarenitas de grano fino a conglomeráticas con intercalaciones de lodolitas y conglomerados
1128825.175,1252380.301,4.1,166.6,1994,intermedio,Ligera Magnitud,Granodioritas que varían de sienogranitos a tonalitas y de cuarzomonzonitas a cuarzomonzodioritas
1100968.435,1252430.383,4.8,150,2001,intermedio,Ligera Magnitud,Arenitas  limolitas y calizas intercaladas con tobas  brechas  aglomerados y lavas riolíticas a andesíticas.
1110474.767,1252449.39,4.8,171.2,2000,intermedio,Ligera Magnitud,Cuarzoarenitas de grano fino a conglomeráticas con intercalaciones de lodolitas y conglomerados
1110585.307,1252449.621,4.3,159.9,2005,intermedio,Ligera Magnitud,Cuarzoarenitas de grano fino a conglomeráticas con intercalaciones de lodolitas y conglomerados
1124845.012,1252591.979,4.1,150.39,2007,intermedio,Ligera Magnitud,Granodioritas que varían de sienogranitos a tonalitas y de cuarzomonzonitas a cuarzomonzodioritas
1099420.29,1252759.261,5,150,1995,intermedio,Moderada Magnitud,Shales con yeso  cherts  calizas y arenitas.
1121970.103,1252917.1,4,162.1,2003,intermedio,Ligera Magnitud,Ortogneises graníticos a tonalíticos y paragneises de composición anfibolítica y textura migmatítica
1123407.162,1252920.437,4,160,1997,intermedio,Ligera Magnitud,Ortogneises graníticos a tonalíticos y paragneises de composición anfibolítica y textura migmatítica
1123628.249,1252920.953,4.9,163.7,2002,intermedio,Ligera Magnitud,Ortogneises graníticos a tonalíticos y paragneises de composición anfibolítica y textura migmatítica
1128934.103,1253044.246,4,160,2000,intermedio,Ligera Magnitud,Granodioritas que varían de sienogranitos a tonalitas y de cuarzomonzonitas a cuarzomonzodioritas
1123406.387,1253252.269,4.2,167.3,1994,intermedio,Ligera Magnitud,Ortogneises graníticos a tonalíticos y paragneises de composición anfibolítica y textura migmatítica
1122742.875,1253361.334,5.4,140.02,2000,intermedio,Moderada Magnitud,Ortogneises graníticos a tonalíticos y paragneises de composición anfibolítica y textura migmatítica
1099419.041,1253422.882,4.4,155,1999,intermedio,Ligera Magnitud,Capas rojas constituidas por arenitas  conglomerados y limolitas.
1104171.852,1253542.65,4.1,150.9,1997,intermedio,Ligera Magnitud,Arenitas  limolitas y calizas intercaladas con tobas  brechas  aglomerados y lavas riolíticas a andesíticas.
1106382.578,1253547.058,4.2,155.5,1998,intermedio,Ligera Magnitud,Arenitas  limolitas y calizas intercaladas con tobas  brechas  aglomerados y lavas riolíticas a andesíticas.
1119204.797,1253685.06,4.8,163.1,1996,intermedio,Ligera Magnitud,Granodioritas que varían de sienogranitos a tonalitas y de cuarzomonzonitas a cuarzomonzodioritas
1083391.249,1253726.939,4.2,152,1999,intermedio,Ligera Magnitud,Capas rojas constituidas por arenitas  conglomerados y limolitas.
1128268.953,1253816.919,4.5,168.35,1994,intermedio,Ligera Magnitud,Granodioritas que varían de sienogranitos a tonalitas y de cuarzomonzonitas a cuarzomonzodioritas
1106934.589,1253879.991,4.6,153.1,1993,intermedio,Ligera Magnitud,Arenitas  limolitas y calizas intercaladas con tobas  brechas  aglomerados y lavas riolíticas a andesíticas.
1126500.004,1253923.262,4,159.5,2003,intermedio,Ligera Magnitud,Granodioritas que varían de sienogranitos a tonalitas y de cuarzomonzonitas a cuarzomonzodioritas
1100191.316,1254198.571,4.3,176,2000,intermedio,Ligera Magnitud,Capas rojas constituidas por arenitas  conglomerados y limolitas.
1116771.695,1254232.668,4,160,1999,intermedio,Ligera Magnitud,Cuarzoarenitas de grano fino a conglomeráticas con intercalaciones de lodolitas y conglomerados
1115887.147,1254341.326,4.5,158.62,2008,intermedio,Ligera Magnitud,Cuarzoarenitas de grano fino a conglomeráticas con intercalaciones de lodolitas y conglomerados
1116329.298,1254342.299,4.7,156.6,1999,intermedio,Ligera Magnitud,Cuarzoarenitas de grano fino a conglomeráticas con intercalaciones de lodolitas y conglomerados
1097317.047,1254414.397,4.2,170,2000,intermedio,Ligera Magnitud,Capas rojas constituidas por arenitas  conglomerados y limolitas.
1083390.026,1254501.137,4.2,150,1998,intermedio,Ligera Magnitud,Capas rojas constituidas por arenitas  conglomerados y limolitas.
1109917.461,1254660.369,4.2,159.8,1994,intermedio,Ligera Magnitud,Arenitas  limolitas y calizas intercaladas con tobas  brechas  aglomerados y lavas riolíticas a andesíticas.
1130256.003,1254927.923,5,170,1994,intermedio,Moderada Magnitud,Granodioritas que varían de sienogranitos a tonalitas y de cuarzomonzonitas a cuarzomonzodioritas
1134235.52,1254937.909,4,165,1994,intermedio,Ligera Magnitud,Metalodolitas  metarenitas  metaconglomerados y mármoles.
1123181.17,1255021.525,5,160.58,2000,intermedio,Moderada Magnitud,Ortogneises graníticos a tonalíticos y paragneises de composición anfibolítica y textura migmatítica
1115663.887,1255336.316,4,176,1994,intermedio,Ligera Magnitud,Cuarzoarenitas de grano fino a conglomeráticas con intercalaciones de lodolitas y conglomerados
1109031.578,1255432.777,4.4,155,1994,intermedio,Ligera Magnitud,Arenitas  limolitas y calizas intercaladas con tobas  brechas  aglomerados y lavas riolíticas a andesíticas.
1102951.854,1255641.752,4,154,2005,intermedio,Ligera Magnitud,Cuarzoarenitas de grano fino a conglomeráticas con intercalaciones de lodolitas y conglomerados
1110910.185,1255657.914,4.4,160,1994,intermedio,Ligera Magnitud,Cuarzoarenitas de grano fino a conglomeráticas con intercalaciones de lodolitas y conglomerados
1116436.903,1255669.846,4,150,2000,intermedio,Ligera Magnitud,Cuarzoarenitas de grano fino a conglomeráticas con intercalaciones de lodolitas y conglomerados
1097535.45,1255852.647,4.1,149,1998,intermedio,Ligera Magnitud,Capas rojas constituidas por arenitas  conglomerados y limolitas.
1103393.545,1255863.828,4.5,154.5,2008,intermedio,Ligera Magnitud,Cuarzoarenitas de grano fino a conglomeráticas con intercalaciones de lodolitas y conglomerados
1112677.779,1256104.099,4.4,163.9,1996,intermedio,Ligera Magnitud,Cuarzoarenitas de grano fino a conglomeráticas con intercalaciones de lodolitas y conglomerados
1070124.401,1256251.381,4.1,160,1994,intermedio,Ligera Magnitud,Shales  calizas  arenitas  cherts y fosforitas
1112566.772,1256325.077,4.7,161.74,2000,intermedio,Ligera Magnitud,Cuarzoarenitas de grano fino a conglomeráticas con intercalaciones de lodolitas y conglomerados
1115219.565,1256330.821,4,156,2001,intermedio,Ligera Magnitud,Cuarzoarenitas de grano fino a conglomeráticas con intercalaciones de lodolitas y conglomerados
1118867.188,1256338.937,4.3,150,2000,intermedio,Ligera Magnitud,Granodioritas que varían de sienogranitos a tonalitas y de cuarzomonzonitas a cuarzomonzodioritas
1141747.166,1256948.704,5.4,150,2000,intermedio,Moderada Magnitud,Arenitas  limolitas y calizas intercaladas con tobas  brechas  aglomerados y lavas riolíticas a andesíticas.
1126271.228,1257130.476,4.7,196,2003,profundo,Ligera Magnitud,Granodioritas que varían de sienogranitos a tonalitas y de cuarzomonzonitas a cuarzomonzodioritas
1119086.253,1257224.313,4,166.4,1994,intermedio,Ligera Magnitud,Granodioritas que varían de sienogranitos a tonalitas y de cuarzomonzonitas a cuarzomonzodioritas
1121738.794,1257341.002,4.1,166.2,2011,intermedio,Ligera Magnitud,Ortogneises graníticos a tonalíticos y paragneises de composición anfibolítica y textura migmatítica
1111127.278,1257538.7,4.2,150,1998,intermedio,Ligera Magnitud,Cuarzoarenitas de grano fino a conglomeráticas con intercalaciones de lodolitas y conglomerados
1118642.873,1257776.359,4.6,21.3,2000,superficial,Ligera Magnitud,Gneises cuarzofeldespáticos  migmatitas  granulitas  anfibolitas  ortogneises  cuarcitas y mármoles.
1112010.101,1258204.222,4.3,164,1996,intermedio,Ligera Magnitud,Cuarzoarenitas de grano fino a conglomeráticas con intercalaciones de lodolitas y conglomerados
1116762.858,1258214.582,4.5,150,1997,intermedio,Ligera Magnitud,Granodioritas que varían de sienogranitos a tonalitas y de cuarzomonzonitas a cuarzomonzodioritas
1097530.728,1258396.521,4.2,141.4,1997,intermedio,Ligera Magnitud,Cuarzoarenitas de grano fino a conglomeráticas con intercalaciones de lodolitas y conglomerados
1126156.439,1258900,4.1,170,1995,intermedio,Ligera Magnitud,Granodioritas que varían de sienogranitos a tonalitas y de cuarzomonzonitas a cuarzomonzodioritas
1122729.716,1259002.478,4.5,150,2000,intermedio,Ligera Magnitud,Ortogneises graníticos a tonalíticos y paragneises de composición anfibolítica y textura migmatítica
1111344.347,1259419.49,4.3,160,1994,intermedio,Ligera Magnitud,Cuarzoarenitas de grano fino a conglomeráticas con intercalaciones de lodolitas y conglomerados
1120075.48,1259659.994,4.6,164.9,2000,intermedio,Ligera Magnitud,Granodioritas que varían de sienogranitos a tonalitas y de cuarzomonzonitas a cuarzomonzodioritas
1128474.899,1260011.764,5.1,163,2000,intermedio,Moderada Magnitud,Granodioritas que varían de sienogranitos a tonalitas y de cuarzomonzonitas a cuarzomonzodioritas
1121953.43,1260106.778,4.2,150,2000,intermedio,Ligera Magnitud,Ortogneises graníticos a tonalíticos y paragneises de composición anfibolítica y textura migmatítica
1129909.047,1261121.443,4,150,2000,intermedio,Ligera Magnitud,Granodioritas que varían de sienogranitos a tonalitas y de cuarzomonzonitas a cuarzomonzodioritas
1118303.535,1261204.501,4,150,2000,intermedio,Ligera Magnitud,Gneises cuarzofeldespáticos  migmatitas  granulitas  anfibolitas  ortogneises  cuarcitas y mármoles.
1109019.396,1261294.92,4,160,1995,intermedio,Ligera Magnitud,Capas rojas constituidas por arenitas  conglomerados y limolitas.
1119298.001,1261317.372,4.1,150,2000,intermedio,Ligera Magnitud,Granodioritas que varían de sienogranitos a tonalitas y de cuarzomonzonitas a cuarzomonzodioritas
1132338.157,1262123.07,4.4,160,2000,intermedio,Ligera Magnitud,Granodioritas que varían de sienogranitos a tonalitas y de cuarzomonzonitas a cuarzomonzodioritas
1129353.667,1262226.204,4.3,160,1995,intermedio,Ligera Magnitud,Granodioritas que varían de sienogranitos a tonalitas y de cuarzomonzonitas a cuarzomonzodioritas
1074867.866,1262562.019,4.1,150,1994,intermedio,Ligera Magnitud,Shales  calizas  arenitas  cherts y fosforitas
1115426.495,1262746.596,4.4,168,1994,intermedio,Ligera Magnitud,Filitas  esquistos  cuarcitas  pizarras  metaconglomerados  metalimolitas y mármoles.
1081277.129,1262792.81,4,160,2000,intermedio,Ligera Magnitud,Shales con yeso  cherts  calizas y arenitas.
1118739.591,1263860.135,4.7,158.74,2000,intermedio,Ligera Magnitud,Granodioritas que varían de sienogranitos a tonalitas y de cuarzomonzonitas a cuarzomonzodioritas
1135754.42,1266003.411,4.1,150,2000,intermedio,Ligera Magnitud,Metalodolitas  metarenitas  metaconglomerados y mármoles.
1086576.335,1266008.769,4.3,147.6,1996,intermedio,Ligera Magnitud,Capas rojas constituidas por arenitas  conglomerados y limolitas.
1124481.05,1266196.397,4.6,150,2000,intermedio,Ligera Magnitud,Granodioritas que varían de sienogranitos a tonalitas y de cuarzomonzonitas a cuarzomonzodioritas
1126463.591,1268966.513,4.2,150,2000,intermedio,Ligera Magnitud,Granodioritas que varían de sienogranitos a tonalitas y de cuarzomonzonitas a cuarzomonzodioritas
1138065.624,1269659.875,5.2,160,2000,intermedio,Moderada Magnitud,Metalodolitas  metarenitas  metaconglomerados y mármoles.
1088778.478,1270657.763,5.3,145,1995,intermedio,Moderada Magnitud,Capas rojas constituidas por arenitas  conglomerados y limolitas.
1104135.416,1271792.516,4.3,150,1994,intermedio,Ligera Magnitud,Abanicos aluviales y depósitos coluviales
1123028.03,1273050.875,4.3,184,2007,profundo,Ligera Magnitud,Granodioritas que varían de sienogranitos a tonalitas y de cuarzomonzonitas a cuarzomonzodioritas
1127337.029,1273282.582,4.1,130,2000,intermedio,Ligera Magnitud,Granodioritas que varían de sienogranitos a tonalitas y de cuarzomonzonitas a cuarzomonzodioritas
1112417.488,1274243.301,4,146.7,2002,intermedio,Ligera Magnitud,Gneises cuarzofeldespáticos  migmatitas  granulitas  anfibolitas  ortogneises  cuarcitas y mármoles.
1115730.344,1275135.533,4.1,165,1996,intermedio,Ligera Magnitud,Granodioritas que varían de sienogranitos a tonalitas y de cuarzomonzonitas a cuarzomonzodioritas
1129539.252,1276385.284,4.4,186,2005,profundo,Ligera Magnitud,Granodioritas que varían de sienogranitos a tonalitas y de cuarzomonzonitas a cuarzomonzodioritas
1124326.583,1284336.5,4.8,166.3,1995,intermedio,Ligera Magnitud,Ortogneises graníticos a tonalíticos y paragneises de composición anfibolítica y textura migmatítica
1090498.465,1297537.262,4.7,144,2009,intermedio,Ligera Magnitud,Shales con yeso  cherts  calizas y arenitas.
1118980.441,1302574.599,4.1,148.1,1998,intermedio,Ligera Magnitud,Shales con yeso y chert intercalados con calizas y arenitas
1201694.135,1306272.245,4.2,2,2011,superficial,Ligera Magnitud,Cuarzoarenitas de grano fino a grueso  conglomerados y arenitas feldespáticas y líticas  e intercalaciones de lodolitas oscuras.
1105388.29,1306746.942,4.4,4.08,2012,superficial,Ligera Magnitud,Granodioritas que varían de sienogranitos a tonalitas y de cuarzomonzonitas a cuarzomonzodioritas
1098094.394,1309828.863,4.2,133.1,2010,intermedio,Ligera Magnitud,Capas rojas constituidas por arenitas  conglomerados y limolitas.
1112104.062,1315499.958,4.2,144.7,2002,intermedio,Ligera Magnitud,Filitas  esquistos  cuarcitas  pizarras  metaconglomerados  metalimolitas y mármoles.
1118284.557,1316399.45,4.1,144,1999,intermedio,Ligera Magnitud,Filitas  esquistos  cuarcitas  pizarras  metaconglomerados  metalimolitas y mármoles.
1097860.296,1316464.765,4,135.4,2016,intermedio,Ligera Magnitud,Granodioritas que varían de sienogranitos a tonalitas y de cuarzomonzonitas a cuarzomonzodioritas
1113080.179,1323023.751,4.2,143,1996,intermedio,Ligera Magnitud,Filitas  esquistos  cuarcitas  pizarras  metaconglomerados  metalimolitas y mármoles.
1122893.723,1327361.664,4.3,150,1995,intermedio,Ligera Magnitud,Arenitas  limolitas y calizas intercaladas con tobas  brechas  aglomerados y lavas riolíticas a andesíticas.
1112943.773,1334084.561,4.6,160.1,2000,intermedio,Ligera Magnitud,Granodioritas que varían de sienogranitos a tonalitas y de cuarzomonzonitas a cuarzomonzodioritas
1150686.99,1334963.241,4.1,5,1994,superficial,Ligera Magnitud,Ortogneises graníticos a tonalíticos y paragneises de composición anfibolítica y textura migmatítica
1082571.297,1347958.37,5.4,117.6,2015,intermedio,Moderada Magnitud,Ortogneises graníticos a tonalíticos y paragneises de composición anfibolítica y textura migmatítica
1080225.917,1364544.87,4.6,120.4,1996,intermedio,Ligera Magnitud,Gneises cuarzofeldespáticos  migmatitas  granulitas  anfibolitas  ortogneises  cuarcitas y mármoles.
1093896.171,1366893.494,4,132.1,2002,intermedio,Ligera Magnitud,Gneises cuarzofeldespáticos  migmatitas  granulitas  anfibolitas  ortogneises  cuarcitas y mármoles.
1117220.919,1388185.228,5,193.1,1996,profundo,Moderada Magnitud,Filitas  esquistos  cuarcitas  pizarras  metaconglomerados  metalimolitas y mármoles.
1079410.175,1389540.096,4,142,2005,intermedio,Ligera Magnitud,Gneises cuarzofeldespáticos  migmatitas  granulitas  anfibolitas  ortogneises  cuarcitas y mármoles.
1083364.228,1396957.916,4.2,125,1998,intermedio,Ligera Magnitud,Granodioritas que varían de sienogranitos a tonalitas y de cuarzomonzonitas a cuarzomonzodioritas
1089091.89,1398406.956,4,146.7,2001,intermedio,Ligera Magnitud,Granodioritas que varían de sienogranitos a tonalitas y de cuarzomonzonitas a cuarzomonzodioritas
1130939.589,1444861.559,4.2,143.6,1998,intermedio,Ligera Magnitud,Arenitas de grano fino a conglomeráticas interestratificadas con arcillolitas y limolitas. Ocasionalmente  lentes de hierro oolítico y carbón.
1104159.157,1456290.693,4.3,130.7,2012,intermedio,Ligera Magnitud,Granodioritas que varían de sienogranitos a tonalitas y de cuarzomonzonitas a cuarzomonzodioritas
1079378.735,1465969.585,4.4,112.2,2006,intermedio,Ligera Magnitud,Granodioritas que varían de sienogranitos a tonalitas y de cuarzomonzonitas a cuarzomonzodioritas
1112077.099,1498456.943,4.2,160.6,1994,intermedio,Ligera Magnitud,Gneises cuarzofeldespáticos  migmatitas  granulitas  anfibolitas  ortogneises  cuarcitas y mármoles.
